Application Number,prequal_submit_dt,pricing_factor,account_status,net_funded_amt,invoice_amount,invoice_processing_fee,missed_payment_day_45,no_payments_first_day_60,past_due_days_day_90,past_due_days_day_120,past_due_30_plus_days_day_120,early_payoff_day_120,past_due_ratio_day_180,projected_amount_paid
232395,6/1/25,2.25,PAID,1878.08,1878.08,0,False,False,0.0,0.0,False,False,0.0,3312.93
409293,6/1/25,2.35,ACTIVE,1044.75,1083.75,39,False,False,0.0,0.0,False,False,0.0,2473.27
281379,6/1/25,2.35,PAID,2164.84,2203.84,39,False,False,0.0,0.0,False,True,0.0,2218.05
254636,6/2/25,2.35,ACTIVE,1611.0,1650.0,39,False,False,0.0,0.0,False,False,0.0,3276.26
282980,6/3/25,2.35,PAID,1672.66,1711.66,39,False,False,0.0,0.0,False,True,0.0,1710.88
577542,6/4/25,2.0,ACTIVE,1600.0,1600.0,0,False,False,0.0,0.0,False,False,0.0,2775.98
756957,6/4/25,2.35,ACTIVE,2141.09,2180.09,39,False,False,0.0,0.0,False,False,0.0,4953.58
631832,6/5/25,2.35,PAID,1438.89,1477.89,39,False,False,0.0,0.0,False,True,0.0,1481.5
893106,6/6/25,2.25,PAID,2247.56,2286.56,39,False,False,0.0,0.0,False,True,0.0,2281.51
654542,6/6/25,2.25,PAID,2245.39,2284.39,39,False,False,0.0,0.0,False,False,0.0,2870.6
915109,6/6/25,2.25,PAID,2247.53,2286.53,39,False,False,0.0,0.0,False,True,0.0,2286.95
884840,6/6/25,2.0,PAID,511.01,511.01,10,True,False,0.0,0.0,False,True,6.76731,540.91
465900,6/7/25,2.25,PAID,1723.4,1762.4,39,False,False,0.0,0.0,False,False,0.0,3030.25
464636,6/7/25,2.0,ACTIVE,2088.98,2088.98,10,False,False,0.0,0.0,False,False,0.0,2153.74
830536,6/8/25,2.25,ACTIVE,2124.3,2124.3,0,False,False,0.0,0.0,False,False,0.0,4519.19
842922,6/9/25,2.35,CHARGE_OFF,753.4,792.4,39,True,True,90.0,120.0,True,False,33.335842,-1.53
950420,6/9/25,2.25,ACTIVE,2940.38,2979.38,39,False,False,0.0,0.0,False,False,2.7779064,6280.2
303664,6/10/25,2.35,SURRENDERED,2615.79,2654.79,39,True,False,0.0,0.0,False,False,9.749232,373.3
791218,6/11/25,2.35,ACTIVE,1703.94,1742.94,39,False,False,0.0,0.0,False,False,0.0,4026.8
52095,6/14/25,2.25,ACTIVE,1924.88,1924.88,0,False,False,0.0,0.0,False,False,0.0,4004.66
995998,6/14/25,2.35,PAID,2045.21,2084.21,39,False,False,0.0,0.0,False,True,0.0,2083.22
510964,6/14/25,2.35,ACTIVE,1002.2,1041.2,39,False,False,0.0,0.0,False,False,0.0,2382.23
506487,6/16/25,2.35,PAID,1828.45,1867.45,39,False,False,0.0,0.0,False,True,0.0,1862.9
648816,6/17/25,2.35,PAID,1415.95,1454.95,39,True,False,0.0,0.0,False,True,1.2822798,1471.32
673973,6/17/25,2.35,ACTIVE,1688.61,1727.61,39,False,False,0.0,0.0,False,False,0.0,3991.52
808301,6/18/25,2.35,PAID,1510.0,1549.0,39,False,False,0.0,0.0,False,True,0.0,1547.28
711423,6/18/25,2.35,PAID,1932.53,1971.53,39,False,False,0.0,0.0,False,True,0.0,1978.42
521389,6/18/25,2.35,CHARGE_OFF,1855.19,1894.19,39,False,False,29.0,59.0,True,False,22.222271,499.53
989271,6/18/25,2.35,CHARGE_OFF,1071.0,1110.0,39,False,False,45.0,75.0,True,False,14.148762,374.78
735330,6/19/25,2.35,CHARGE_OFF,1500.0,1500.0,0,True,False,46.0,69.0,True,False,4.8377304,1307.47
566286,6/19/25,2.35,PAID,1471.0,1510.0,39,False,False,0.0,0.0,False,True,0.0,1509.57
103332,6/19/25,2.35,PAID,3206.0,3245.0,39,False,False,0.0,0.0,False,True,0.0,3237.27
93401,6/21/25,2.0,ACTIVE,4229.4,4230.0,0,False,False,0.0,0.0,False,False,0.0,7928.31
305044,6/21/25,2.35,PAID,1639.83,1678.83,39,False,False,0.0,0.0,False,True,0.0,1678.85
669496,6/21/25,2.25,ACTIVE,2419.69,2419.69,0,False,False,0.0,0.0,False,False,0.0,5096.44
98921,6/22/25,2.25,CHARGE_OFF,1730.0,1730.0,0,False,False,18.0,43.0,True,False,17.950932,560.78
393872,6/24/25,2.0,ACTIVE,1720.0,1720.0,0,False,False,0.0,0.0,False,False,0.0,3141.14
73632,6/25/25,2.0,CHARGE_OFF,1499.4,1500.0,0,False,False,2.0,20.0,False,False,15.0006275,554.76
32382,6/27/25,2.25,ACTIVE,1703.14,1742.14,39,False,False,0.0,0.0,False,False,0.0,3818.86
786687,6/27/25,2.35,CHARGE_OFF,2116.73,2155.73,39,True,False,57.0,65.0,True,False,17.29501,607.25
40028,6/27/25,2.35,ACTIVE,2160.0,2199.0,39,False,False,4.0,1.0,False,False,0.0,5104.57
455827,6/27/25,2.35,CHARGE_OFF,1583.49,1622.49,39,True,False,62.0,92.0,True,False,28.206385,189.02
510643,6/28/25,2.25,PAID,643.49,643.49,0,False,False,0.0,0.0,False,True,0.0,643.5
991038,6/28/25,2.25,ACTIVE,1974.7,1974.7,0,False,False,0.0,0.0,False,False,2.564212,4079.91
281488,6/28/25,2.35,PAID,2160.0,2199.0,39,False,False,0.0,0.0,False,True,2.5641804,2197.1
436521,6/28/25,2.35,PAID,1303.94,1342.94,39,False,False,0.0,0.0,False,True,0.0,1345.08
521862,6/29/25,2.25,PAID,1381.25,1381.25,0,False,False,0.0,0.0,False,True,0.0,1379.42
447485,6/29/25,2.0,ACTIVE,1600.0,1600.0,0,True,False,6.0,7.0,False,False,2.5642688,2905.3
451514,6/29/25,2.35,CHARGE_OFF,1895.09,1934.09,39,True,False,58.0,90.0,True,False,27.778145,241.98
371687,6/30/25,2.0,PAID,2390.0,2390.0,10,False,False,0.0,0.0,False,True,0.0,2391.88
663579,7/2/25,2.0,PAID,1670.96,1670.96,10,False,False,0.0,0.0,False,True,0.0,1681.17
569821,7/2/25,2.35,SURRENDERED,1566.64,1605.64,39,True,False,0.0,0.0,False,False,5.555673,-31.0
691289,7/2/25,2.2,ACTIVE,1769.81,1769.81,0,False,False,0.0,0.0,False,False,0.0,3569.45
9883,7/2/25,2.35,PAID,1461.0,1500.0,39,False,False,0.0,0.0,False,True,0.0,1504.51
616419,7/3/25,2.0,PAID,1599.4,1600.0,0,False,False,0.0,0.0,False,False,0.0,2748.86
229281,7/3/25,2.35,ACTIVE,1461.0,1500.0,39,False,False,0.0,0.0,False,False,0.0,3358.82
161068,7/4/25,2.35,CHARGE_OFF,423.99,462.99,39,True,True,88.0,120.0,True,False,33.336727,3.25
939265,7/5/25,2.0,SURRENDERED,1600.0,1600.0,0,False,False,0.0,0.0,False,False,0.0,-16.33
615168,7/5/25,2.0,CHARGE_OFF,1599.4,1600.0,0,True,True,86.0,118.0,True,False,32.917454,10.38
865639,7/9/25,2.35,ACTIVE,1461.0,1500.0,39,False,False,0.0,0.0,False,False,11.111489,2752.81
940197,7/10/25,2.0,ACTIVE,2390.0,2400.0,10,False,False,0.0,0.0,False,False,0.0,4361.61
209987,7/10/25,2.35,ACTIVE,641.0,680.0,39,True,False,0.0,0.0,False,False,3.972622,1485.92
742836,7/11/25,2.35,PAID,1061.0,1100.0,39,True,False,0.0,0.0,False,True,1.2823985,1117.36
125826,7/12/25,2.0,CHARGE_OFF,1499.4,1500.0,0,True,False,0.0,0.0,False,False,5.2037735,1284.38
601572,7/12/25,2.25,PAID,1961.95,1961.95,0,False,False,0.0,0.0,False,True,0.0,1962.39
360292,7/12/25,2.35,ACTIVE,1909.65,1948.65,39,False,False,0.0,0.0,False,False,0.0,4387.3
659683,7/15/25,2.35,SURRENDERED,461.0,500.0,39,True,False,0.0,0.0,False,False,2.5645864,52.84
315846,7/16/25,2.25,PAID,1905.3,1905.3,0,False,False,0.0,0.0,False,True,0.0,1906.7
571945,7/17/25,2.0,PAID,1500.0,1500.0,10,False,False,0.0,0.0,False,True,0.0,1511.08
107714,7/19/25,2.35,PAID,2376.59,2415.59,39,False,False,0.0,0.0,False,True,0.0,2417.91
112278,7/19/25,2.35,SURRENDERED,1586.0,1625.0,39,False,False,0.0,0.0,False,False,0.0,1367.1
639652,7/21/25,2.35,ACTIVE,1600.0,1600.0,0,True,False,0.0,0.0,False,False,1.2821808,3499.02
572475,7/22/25,2.35,CHARGE_OFF,261.0,300.0,39,False,False,0.0,0.0,False,False,5.7693567,189.93
442186,7/24/25,2.35,PAID,1361.0,1400.0,39,False,False,0.0,0.0,False,True,0.0,1399.65
546375,7/26/25,2.35,PAID,2215.54,2254.54,39,False,False,0.0,0.0,False,True,0.0,2245.84
50067,7/26/25,2.0,PAID,2088.96,2088.96,10,False,False,0.0,0.0,False,True,0.0,2098.37
971621,7/26/25,2.35,PAID,973.99,1012.99,39,False,False,0.0,0.0,False,True,0.0,1012.35
306002,7/27/25,2.35,ACTIVE,2194.22,2233.22,39,False,False,0.0,0.0,False,False,0.0,5048.41
836784,8/1/25,2.35,CHARGE_OFF,607.59,607.59,39,False,False,0.0,90.0,True,False,27.780807,82.86
953827,8/1/25,2.35,ACTIVE,1683.97,1722.97,39,False,False,0.0,0.0,False,False,0.0,4037.05
57237,8/1/25,2.35,SURRENDERED,2043.39,2082.39,39,False,False,0.0,0.0,False,False,0.0,-45.28
257359,8/2/25,2.35,ACTIVE,2443.02,2443.02,39,False,False,0.0,0.0,False,False,0.0,5572.73
39766,8/2/25,2.0,ACTIVE,2547.0,2547.0,0,True,False,2.0,1.0,False,False,2.564245,4108.74
75194,8/2/25,2.0,ACTIVE,1600.0,1600.0,0,False,False,0.0,1.0,False,False,0.0,2926.66
472766,8/3/25,2.25,PAID,2715.3,2715.3,0,False,False,0.0,0.0,False,True,0.0,2716.86
223480,8/5/25,2.35,PAID,2084.21,2084.21,39,False,False,0.0,0.0,False,True,0.0,2123.77
772280,8/5/25,2.35,ACTIVE,2184.59,2184.59,39,False,False,0.0,0.0,False,False,0.0,2594.38
974554,8/6/25,2.35,PAID,504.66,504.66,39,True,False,0.0,0.0,False,True,5.5561,561.59
219321,8/8/25,2.35,PAID,220.0,259.0,39,False,False,0.0,0.0,False,False,0.0,500.42
37956,8/8/25,2.35,ACTIVE,1875.95,1875.95,39,False,False,0.0,0.0,False,False,0.0,4217.81
900588,8/9/25,2.25,ACTIVE,1703.0,1742.0,39,False,False,0.0,0.0,False,False,0.0,3641.13
418778,8/9/25,2.35,CHARGE_OFF,1440.6,1479.6,39,True,True,90.0,120.0,True,False,33.335056,1.32
310243,8/9/25,2.35,ACTIVE,501.0,540.0,39,False,False,0.0,0.0,False,False,0.0,1227.44
387770,8/11/25,2.25,SURRENDERED,1746.91,1746.91,0,False,False,0.0,0.0,False,False,0.0,146.78
403039,8/12/25,2.35,PAID,2091.37,2130.37,39,True,False,0.0,0.0,False,True,2.777861,2155.77
275776,8/13/25,2.0,PAID,689.77,689.77,10,False,False,0.0,0.0,False,False,0.0,1054.85
942392,8/14/25,2.0,CHARGE_OFF,1670.96,1670.96,10,True,False,42.0,74.0,True,False,27.540632,276.3
967504,8/15/25,2.35,CHARGE_OFF,1500.0,1500.0,39,False,False,6.0,35.0,True,False,17.949776,553.55
97264,8/16/25,2.0,PAID,615.51,615.51,10,False,False,0.0,0.0,False,True,0.0,624.68
84453,8/16/25,2.35,ACTIVE,1520.99,1559.99,39,False,False,0.0,0.0,False,False,0.0,3558.01
233022,8/16/25,2.35,PAID,1272.88,1272.88,39,False,False,0.0,0.0,False,True,0.0,1312.37
960517,8/17/25,2.25,PAID,2338.2,2338.2,0,False,False,0.0,0.0,False,True,0.0,2339.94
560657,8/18/25,2.25,ACTIVE,1461.0,1500.0,39,False,False,6.0,8.0,False,False,5.1282964,2915.69
722345,8/18/25,2.35,SURRENDERED,470.64,509.64,39,False,False,0.0,0.0,False,False,0.0,372.22
343701,8/19/25,2.25,ACTIVE,1658.81,1658.81,0,True,False,29.0,29.0,False,False,5.5557785,2884.47
442972,8/19/25,2.35,ACTIVE,305.42,305.42,39,False,False,0.0,0.0,False,False,11.113461,578.82
410563,8/19/25,2.25,ACTIVE,2261.0,2300.0,39,False,False,0.0,0.0,False,False,0.0,4945.61
250819,8/19/25,2.35,ACTIVE,2413.44,2413.44,39,False,False,0.0,0.0,False,False,0.0,5485.69
250747,8/20/25,2.35,PAID,1500.0,1500.0,39,False,False,0.0,0.0,False,True,0.0,1537.94
522411,8/20/25,2.25,CHARGE_OFF,1500.99,1500.99,0,False,False,0.0,29.0,False,False,16.66721,563.86
782777,8/21/25,2.25,PAID,1091.41,1091.41,0,False,False,0.0,0.0,False,True,0.0,1087.72
108166,8/21/25,2.35,PAID,537.65,537.65,39,False,False,0.0,0.0,False,True,0.0,577.33
861180,8/21/25,2.25,PAID,541.45,541.45,0,False,False,0.0,0.0,False,True,0.0,544.54
287499,8/22/25,2.35,ACTIVE,2008.5,2008.5,39,False,False,0.0,0.0,False,False,0.0,4567.24
622112,8/23/25,2.0,SURRENDERED,2246.0,2246.0,0,False,False,0.0,0.0,False,False,0.0,-94.57
15339,8/23/25,2.25,PAID,2525.18,2525.18,0,False,False,0.0,0.0,False,True,0.0,2526.07
996164,8/24/25,2.35,PAID,1473.0,1512.0,39,False,False,0.0,0.0,False,True,0.0,1512.05
570989,8/24/25,2.25,ACTIVE,545.74,545.74,0,False,False,0.0,0.0,False,False,0.0,1138.47
687429,8/24/25,2.0,SURRENDERED,2499.4,2500.0,0,True,False,0.0,0.0,False,False,2.3590567,2472.62
418777,8/25/25,2.25,PAID,540.23,540.23,0,False,False,0.0,0.0,False,True,0.0,538.79
146766,8/25/25,2.0,PAID,1170.96,1170.96,10,False,False,0.0,0.0,False,True,0.0,1177.61
324763,8/25/25,2.35,PAID,1583.1,1622.1,39,False,False,0.0,0.0,False,True,0.0,1624.26
621267,8/26/25,2.35,CHARGE_OFF,1461.0,1500.0,39,True,False,0.0,0.0,False,False,10.586978,807.65
178993,8/26/25,2.35,ACTIVE,1650.0,1650.0,39,False,False,0.0,0.0,False,False,0.0,2025.1
249371,8/27/25,2.35,CHARGE_OFF,1701.0,1740.0,39,True,False,27.0,41.0,True,False,23.59574,743.01
794904,8/27/25,2.35,PAID,1698.0,1737.0,39,True,False,0.0,0.0,False,True,5.5556784,1774.91
836862,8/27/25,2.35,PAID,334.0,373.0,39,False,False,0.0,0.0,False,True,0.0,374.86
735398,8/27/25,2.25,PAID,5141.03,5141.03,0,False,False,0.0,0.0,False,True,0.0,5152.96
889139,8/27/25,2.35,PAID,1372.68,1411.68,39,False,False,0.0,0.0,False,True,0.0,1414.07
639774,8/27/25,2.35,SURRENDERED,1895.34,1895.34,39,False,False,20.0,22.0,False,False,7.692548,876.55
26937,8/28/25,2.35,PAID,1739.65,1739.65,39,False,False,0.0,0.0,False,True,0.0,1777.98
420174,8/28/25,2.35,PAID,2048.69,2087.69,39,False,False,0.0,0.0,False,True,0.0,2088.3
50065,8/28/25,2.25,PAID,1918.35,1918.35,0,False,False,0.0,0.0,False,True,0.0,1925.23
612922,8/29/25,2.25,PAID,2467.48,2467.48,0,False,False,0.0,0.0,False,True,0.0,2472.02
148168,8/30/25,2.25,SURRENDERED,2800.46,2839.46,39,False,False,0.0,0.0,False,False,0.0,-84.86
153615,8/30/25,2.25,PAID,3000.0,3000.0,0,False,False,0.0,0.0,False,True,0.0,2995.59
935787,8/30/25,2.25,PAID,2512.13,2512.13,0,False,False,0.0,0.0,False,True,0.0,2513.16
788137,8/30/25,2.35,ACTIVE,2364.46,2403.46,39,False,False,0.0,0.0,False,False,0.0,5421.88
89366,8/31/25,2.25,ACTIVE,554.63,554.63,0,False,False,0.0,0.0,False,False,2.564267,1129.33
739221,9/1/25,2.35,PAID,2510.0,2549.0,39,False,False,0.0,0.0,False,True,0.0,2549.45
80207,9/2/25,2.35,ACTIVE,4081.0,4120.0,39,False,False,0.0,0.0,False,False,2.5641246,8878.19
709026,9/2/25,2.35,ACTIVE,771.91,771.91,39,False,False,0.0,0.0,False,False,0.0,1770.16
688685,9/3/25,2.35,ACTIVE,1338.0,1377.0,39,False,False,0.0,8.0,False,False,3.8461988,2773.24
940906,9/3/25,2.25,CHARGE_OFF,1871.76,1910.76,39,False,False,0.0,8.0,False,False,11.538864,932.19
534097,9/6/25,2.2,PAID,1769.81,1769.81,0,False,False,0.0,0.0,False,True,0.0,1773.18
218517,9/7/25,2.25,CHARGE_OFF,1461.0,1500.0,39,True,False,76.0,105.0,True,False,30.769777,71.3
37755,9/7/25,2.25,PAID,1250.74,1250.74,0,False,False,0.0,0.0,False,True,0.0,1248.68
209332,9/8/25,2.25,CHARGE_OFF,1213.33,1213.33,0,False,False,0.0,29.0,False,False,16.667034,460.52
398442,9/9/25,2.35,ACTIVE,738.91,738.91,39,False,False,0.0,1.0,False,False,0.0,1698.7
202468,9/11/25,2.25,PAID,1500.0,1500.0,0,False,False,0.0,0.0,False,True,0.0,1501.65
707056,9/11/25,2.35,ACTIVE,1461.0,1500.0,39,False,False,0.0,1.0,False,False,0.0,3316.05
999546,9/11/25,2.0,ACTIVE,1649.4,1650.0,0,False,False,0.0,0.0,False,False,0.0,2982.9
573963,9/11/25,2.35,ACTIVE,2391.41,2391.41,39,False,False,0.0,0.0,False,False,0.0,1990.18
733107,9/13/25,2.35,ACTIVE,2098.75,2098.75,39,False,False,0.0,4.0,False,False,4.3238177,4071.89
853933,9/13/25,2.25,PAID,2472.86,2472.86,0,True,False,0.0,0.0,False,True,5.5555954,2477.95
94318,9/13/25,2.35,PAID,2702.0,2741.0,39,True,False,0.0,0.0,False,True,5.5556674,2763.76
997410,9/13/25,2.0,ACTIVE,2290.4,2291.0,0,False,False,0.0,0.0,False,False,0.0,4085.8
20923,9/13/25,2.25,ACTIVE,1678.34,1717.34,39,False,False,0.0,0.0,False,False,0.0,3637.95
974534,9/15/25,2.35,PAID,1976.96,1976.96,39,False,False,0.0,0.0,False,True,0.0,2014.47
321018,9/15/25,2.35,ACTIVE,1611.0,1650.0,39,True,False,0.0,0.0,False,False,1.2822224,3532.45
450459,9/16/25,2.0,ACTIVE,1600.0,1600.0,0,True,False,0.0,0.0,False,False,2.5642688,2796.51
958552,9/16/25,2.0,ACTIVE,1600.0,1600.0,0,False,False,0.0,0.0,False,False,0.0,2783.37
171285,9/16/25,2.25,PAID,1500.0,1500.0,0,False,False,0.0,0.0,False,True,0.0,1502.04
272399,9/16/25,2.35,PAID,1581.0,1620.0,39,False,False,0.0,0.0,False,True,0.0,1617.52
255139,9/17/25,2.0,ACTIVE,1500.0,1500.0,0,False,False,6.0,8.0,False,False,5.128302,2208.49
432456,9/17/25,2.0,PAID,1499.4,1500.0,0,True,False,0.0,0.0,False,True,5.2037735,1603.23
519413,9/18/25,2.35,PAID,616.91,655.91,39,False,False,0.0,0.0,False,False,5.556024,1333.78
318536,9/19/25,2.0,PAID,2073.28,2073.28,10,False,False,0.0,0.0,False,True,0.0,2081.07
908742,9/19/25,2.35,PAID,1644.0,1683.0,39,False,False,0.0,0.0,False,False,0.0,3179.6
771451,9/20/25,2.25,ACTIVE,2051.34,2051.34,0,False,False,0.0,0.0,False,False,0.0,4240.06
675854,9/22/25,2.35,ACTIVE,1179.19,1218.19,39,False,False,0.0,0.0,False,False,0.0,2799.4
23758,9/24/25,2.0,ACTIVE,1590.0,1600.0,10,False,False,0.0,13.0,False,False,2.7779737,2802.2
416684,9/24/25,2.35,ACTIVE,2127.52,2166.52,39,False,False,0.0,0.0,False,False,0.0,4801.53
476294,9/24/25,2.25,PAID,2027.64,2027.64,0,False,False,0.0,0.0,False,True,0.0,2031.14
983926,9/25/25,2.25,PAID,2872.01,2872.01,0,False,False,0.0,0.0,False,True,0.0,2867.7
469838,9/26/25,2.35,PAID,1129.9,1129.9,39,False,False,0.0,0.0,False,True,0.0,1167.14
755437,9/27/25,2.25,PAID,2213.89,2213.89,0,False,False,0.0,0.0,False,True,0.0,2220.33
588444,9/28/25,2.35,ACTIVE,3211.0,3250.0,39,False,False,0.0,0.0,False,False,0.0,7286.63
140778,9/28/25,2.25,PAID,1892.25,1892.25,0,False,False,0.0,0.0,False,True,0.0,1892.55
173616,9/28/25,2.25,ACTIVE,1634.11,1634.11,0,False,False,0.0,0.0,False,False,0.0,3204.88
28444,9/29/25,2.35,CHARGE_OFF,1661.96,1700.96,39,True,False,72.0,102.0,True,False,29.982536,129.56
143700,9/29/25,2.35,ACTIVE,1461.0,1500.0,39,False,False,0.0,0.0,False,False,0.0,3331.37
491703,9/29/25,2.35,ACTIVE,2347.05,2386.05,39,False,False,0.0,0.0,False,False,5.5556936,3012.1
94225,9/30/25,2.2,ACTIVE,1446.63,1446.63,0,True,False,27.0,29.0,False,False,5.5558524,891.05
466204,9/30/25,2.25,ACTIVE,1403.15,1403.15,0,False,False,0.0,0.0,False,False,0.0,2833.91
478180,10/1/25,2.35,ACTIVE,1520.69,1559.69,39,False,False,0.0,0.0,False,False,0.0,3385.4
524121,10/1/25,2.25,SURRENDERED,2419.99,2419.99,0,False,False,0.0,0.0,False,False,0.0,50.31
433794,10/1/25,2.35,ACTIVE,1461.0,1500.0,39,False,False,0.0,0.0,False,False,0.0,3107.17
454502,10/2/25,2.35,CHARGE_OFF,1611.0,1650.0,39,True,False,0.0,22.0,False,False,15.386669,695.56
795907,10/2/25,2.35,ACTIVE,1930.29,1930.29,39,False,False,0.0,0.0,False,False,0.0,4353.76
125489,10/2/25,2.25,ACTIVE,826.88,826.88,0,False,False,0.0,0.0,False,False,5.128784,1358.0
990424,10/3/25,2.35,PAID,1951.99,1990.99,39,False,False,0.0,0.0,False,True,0.0,1988.76
799038,10/3/25,2.0,PAID,1500.0,1500.0,0,False,False,0.0,0.0,False,True,0.0,1499.46
350095,10/3/25,2.0,ACTIVE,1500.0,1500.0,0,False,False,0.0,0.0,False,False,0.0,2583.88
656337,10/4/25,2.35,ACTIVE,961.0,1000.0,39,False,False,12.0,14.0,False,False,2.7778723,2055.38
392124,10/4/25,2.0,PAID,599.4,600.0,0,False,False,0.0,0.0,False,True,0.0,675.01
116988,10/4/25,2.0,ACTIVE,2384.0,2394.0,10,False,False,0.0,0.0,False,False,0.0,4264.74
847709,10/4/25,2.0,SURRENDERED,2021.0,2021.0,0,True,False,0.0,0.0,False,False,5.555581,213.49
233199,10/4/25,2.35,PAID,1726.5,1765.5,39,False,False,0.0,0.0,False,True,0.0,1763.36
991544,10/5/25,2.25,PAID,2658.94,2658.94,0,False,False,0.0,0.0,False,True,0.0,2660.29
690715,10/6/25,2.35,SURRENDERED,1609.37,1648.37,39,False,False,0.0,0.0,False,False,5.5557137,427.6
858226,10/6/25,2.25,PAID,1500.0,1500.0,0,False,False,0.0,0.0,False,True,0.0,1505.35
412135,10/6/25,2.35,ACTIVE,1461.0,1500.0,39,False,False,0.0,0.0,False,False,0.0,3304.45
630751,10/6/25,2.35,CHARGE_OFF,1500.0,1500.0,39,True,True,88.0,120.0,True,False,33.333336,1.14
871685,10/6/25,2.25,PAID,2458.58,2458.58,0,False,False,0.0,0.0,False,True,0.0,2456.17
730936,10/6/25,2.35,SURRENDERED,1650.0,1650.0,39,False,False,0.0,0.0,False,False,0.0,91.14
596842,10/7/25,2.25,PAID,2060.83,2060.83,0,False,False,0.0,0.0,False,True,0.0,2064.57
810295,10/8/25,2.25,PAID,2822.24,2861.24,39,False,False,0.0,0.0,False,True,0.0,2855.33
413151,10/9/25,2.35,PAID,2601.0,2640.0,39,False,False,0.0,0.0,False,True,0.0,2645.79
968629,10/10/25,2.35,ACTIVE,2391.41,2391.41,39,False,False,0.0,1.0,False,False,0.0,5349.33
585161,10/10/25,2.35,ACTIVE,1650.0,1650.0,39,False,False,0.0,0.0,False,False,2.5642793,3228.02
354660,10/10/25,2.35,PAID,1846.0,1885.0,39,False,False,0.0,0.0,False,True,0.0,1883.59
53362,10/10/25,2.35,ACTIVE,1973.76,1973.76,39,False,False,0.0,0.0,False,False,0.0,4324.94
673798,10/11/25,2.25,PAID,2028.19,2028.19,0,False,False,0.0,0.0,False,True,0.0,2028.07
881373,10/11/25,2.25,ACTIVE,2025.75,2025.75,0,False,False,0.0,0.0,False,False,0.0,3993.35
761456,10/12/25,2.0,PAID,878.91,878.91,10,False,False,0.0,0.0,False,True,0.0,885.79
378149,10/12/25,2.0,PAID,2082.0,2082.0,0,False,False,0.0,0.0,False,True,0.0,2083.35
452592,10/12/25,2.25,ACTIVE,1500.0,1500.0,0,False,False,0.0,0.0,False,False,0.0,2871.85
875304,10/13/25,2.0,PAID,1500.0,1500.0,10,False,False,0.0,0.0,False,True,0.0,1503.74
93971,10/13/25,2.0,ACTIVE,2072.0,2082.0,10,False,False,0.0,0.0,False,False,0.0,3616.62
684036,10/14/25,2.0,ACTIVE,1640.0,1650.0,10,False,False,0.0,0.0,False,False,1.2822157,2814.11
428711,10/14/25,2.25,ACTIVE,1578.21,1578.21,0,False,False,0.0,0.0,False,False,0.0,3192.61
325181,10/15/25,2.35,CHARGE_OFF,3121.1,3160.1,39,False,False,0.0,0.0,False,False,10.256603,1652.62
437474,10/15/25,2.35,PAID,2525.79,2564.79,39,False,False,0.0,0.0,False,True,0.0,2568.14
610609,10/16/25,2.35,CHARGE_OFF,494.89,533.89,39,True,True,90.0,119.0,True,False,33.343163,4.31
444501,10/16/25,2.0,ACTIVE,1649.4,1650.0,0,True,False,0.0,0.0,False,False,2.2535737,2839.82
875781,10/17/25,2.25,ACTIVE,1650.0,1650.0,0,False,False,0.0,0.0,False,False,0.0,3190.71
473365,10/17/25,2.35,CHARGE_OFF,1611.0,1650.0,39,True,True,90.0,120.0,True,False,33.334682,-1.93
34161,10/17/25,2.35,PAID,2421.96,2460.96,39,False,False,0.0,0.0,False,False,0.0,4529.74
236556,10/18/25,2.25,PAID,2213.89,2213.89,0,False,False,0.0,0.0,False,True,0.0,2214.07
107487,10/18/25,2.35,ACTIVE,1561.0,1600.0,39,False,False,0.0,0.0,False,False,0.0,3579.61
911673,10/18/25,2.0,ACTIVE,1254.4,1255.0,0,False,False,0.0,0.0,False,False,0.0,1791.4
4698,10/18/25,2.35,ACTIVE,1960.0,1999.0,39,False,False,0.0,0.0,False,False,0.0,4451.23
796956,10/19/25,2.35,ACTIVE,761.0,800.0,39,False,False,0.0,0.0,False,False,0.0,1153.7
135232,10/19/25,2.25,ACTIVE,3180.94,3180.94,0,False,False,0.0,0.0,False,False,0.0,6382.95
796956,10/19/25,2.35,ACTIVE,761.0,800.0,39,False,False,0.0,0.0,False,False,0.0,1153.7
153401,10/19/25,2.25,ACTIVE,1726.08,1726.08,0,False,False,0.0,0.0,False,False,0.0,3448.32
689932,10/19/25,2.25,PAID,1500.0,1500.0,0,False,False,0.0,0.0,False,True,0.0,1501.52
749990,10/21/25,2.35,ACTIVE,1914.0,1914.0,0,False,False,0.0,0.0,False,False,0.0,3946.42
263089,10/21/25,2.35,CHARGE_OFF,1611.0,1650.0,39,True,True,90.0,120.0,True,False,33.33565,8.28
48031,10/23/25,2.35,PAID,1260.0,1299.0,39,False,False,0.0,0.0,False,True,0.0,1298.26
692447,10/23/25,2.25,PAID,1014.5,1014.5,0,False,False,0.0,0.0,False,True,0.0,1012.06
155851,10/24/25,2.35,PAID,2592.48,2631.48,39,False,False,0.0,0.0,False,True,0.0,2629.38
593988,10/24/25,2.35,ACTIVE,1611.0,1650.0,39,False,False,0.0,0.0,False,False,0.0,3491.65
389896,10/24/25,2.35,ACTIVE,550.0,589.0,39,False,False,0.0,0.0,False,False,0.0,1316.04
980813,10/25/25,2.0,PAID,1878.91,1878.91,10,False,False,0.0,0.0,False,True,0.0,1886.25
387453,10/25/25,2.35,PAID,211.0,250.0,39,True,False,0.0,0.0,False,True,2.5645864,268.73
544717,10/25/25,2.0,PAID,1370.96,1370.96,10,True,False,0.0,0.0,False,False,2.5643916,1368.11
136322,10/25/25,2.25,CHARGE_OFF,2700.84,2700.84,0,True,True,90.0,120.0,True,False,33.333824,11.09
538307,10/25/25,2.0,ACTIVE,1590.0,1600.0,10,False,False,0.0,0.0,False,False,0.0,2682.91
422161,10/25/25,2.25,SETTLED,1918.35,1918.35,0,False,False,0.0,0.0,False,False,16.667091,1716.09
768435,10/26/25,2.35,ACTIVE,2341.0,2380.0,39,False,False,0.0,0.0,False,False,0.0,5194.09
381325,10/26/25,2.25,ACTIVE,1458.37,1458.37,0,False,False,0.0,0.0,False,False,0.0,2944.31
42117,10/26/25,2.25,PAID,2247.38,2286.38,39,False,False,0.0,0.0,False,True,0.0,2285.04
472721,10/28/25,2.35,ACTIVE,1440.6,1479.6,39,False,False,0.0,0.0,False,False,0.0,3209.59
461846,10/29/25,2.35,PAID,1729.49,1768.49,39,False,False,0.0,0.0,False,True,0.0,1766.16
599894,10/29/25,2.35,CHARGE_OFF,2320.59,2359.59,39,True,False,73.0,105.0,True,False,30.55622,109.92
415865,10/31/25,2.35,PAID,1603.33,1642.33,39,False,False,0.0,0.0,False,True,0.0,1635.4
185226,11/1/25,2.2,PAID,1695.58,1695.58,0,False,False,0.0,0.0,False,True,0.0,1698.24
18240,11/2/25,2.0,ACTIVE,1765.01,1765.01,10,True,False,3.0,0.0,False,False,5.846012,2695.37
736426,11/3/25,2.0,PAID,1933.4,1934.0,0,False,False,0.0,0.0,False,True,0.0,2013.93
672540,11/4/25,2.35,ACTIVE,1248.0,1287.0,39,False,False,0.0,0.0,False,False,0.0,2804.18
733900,11/4/25,2.35,PAID,650.24,689.24,39,False,False,0.0,0.0,False,True,0.0,690.61
134725,11/5/25,2.35,PAID,2357.99,2396.99,39,False,False,0.0,0.0,False,False,0.0,4272.79
360546,11/5/25,2.35,PAID,601.0,640.0,39,True,False,0.0,0.0,False,True,11.111248,669.04
286812,11/5/25,2.35,ACTIVE,2530.57,2530.57,39,False,False,0.0,0.0,False,False,0.0,5402.23
547483,11/5/25,2.25,CHARGE_OFF,2265.11,2265.11,0,True,True,88.0,120.0,True,False,33.33346,16.51
303527,11/6/25,2.0,ACTIVE,2085.4,2086.0,0,False,False,0.0,0.0,False,False,0.0,3419.83
686524,11/6/25,2.35,ACTIVE,1865.19,1904.19,39,False,False,0.0,0.0,False,False,3.8465905,1389.15
867631,11/6/25,2.35,ACTIVE,1511.0,1550.0,39,False,False,0.0,0.0,False,False,0.0,3200.63
711050,11/6/25,2.25,CHARGE_OFF,1461.0,1500.0,39,False,False,20.0,50.0,True,False,8.320593,583.77
316568,11/6/25,2.35,ACTIVE,4177.16,4216.16,39,False,False,0.0,1.0,False,False,0.0,8187.31
59272,11/7/25,2.25,ACTIVE,1883.55,1883.55,0,True,False,0.0,0.0,False,False,2.564187,3827.64
342833,11/7/25,2.35,PAID,2163.9,2202.9,39,False,False,0.0,0.0,False,True,0.0,2204.51
906651,11/7/25,2.25,ACTIVE,663.38,663.38,0,False,False,42.0,45.0,True,False,2.6148825,1107.34
501126,11/8/25,2.25,ACTIVE,652.32,652.32,0,False,False,18.0,50.0,True,False,10.989835,1056.46
940661,11/8/25,2.25,CHARGE_OFF,578.81,578.81,0,True,False,58.0,90.0,True,False,27.780977,74.47
376271,11/9/25,2.25,ACTIVE,962.44,962.44,0,False,False,0.0,0.0,False,False,0.0,1880.8
605055,11/9/25,2.35,PAID,1694.0,1733.0,39,False,False,0.0,0.0,False,True,0.0,1733.24
963767,11/10/25,2.25,ACTIVE,2239.11,2239.11,0,False,False,0.0,0.0,False,False,0.0,4142.99
828342,11/11/25,2.25,PAID,586.34,586.34,0,False,False,0.0,0.0,False,True,0.0,587.61
36997,11/11/25,2.35,CHARGE_OFF,2974.21,2974.21,39,False,False,0.0,15.0,False,False,14.102925,1310.17
509253,11/11/25,2.25,SURRENDERED,2523.0,2523.0,0,True,False,0.0,0.0,False,False,11.111288,1358.09
437350,11/12/25,2.35,CHARGE_OFF,1195.5,1234.5,39,True,True,90.0,119.0,True,False,33.334827,2.98
520914,11/13/25,2.35,ACTIVE,1892.35,1931.35,39,False,False,0.0,0.0,False,False,0.0,4081.17
682651,11/16/25,2.0,ACTIVE,1878.91,1878.91,10,False,False,0.0,0.0,False,False,2.777999,2580.22
171902,11/16/25,2.0,ACTIVE,1670.96,1670.96,10,False,False,0.0,0.0,False,False,2.564202,2745.22
293408,11/16/25,2.25,PAID,568.31,568.31,0,True,False,0.0,0.0,False,True,2.5651052,568.94
209493,11/17/25,2.25,ACTIVE,2554.54,2554.54,0,False,False,0.0,0.0,False,False,0.0,4977.62
137468,11/18/25,2.25,PAID,509.65,509.65,0,False,False,0.0,0.0,False,True,0.0,506.7
263619,11/18/25,2.25,ACTIVE,2447.58,2447.58,0,False,False,0.0,1.0,False,False,0.0,4749.29
37470,11/18/25,2.35,ACTIVE,1724.7,1763.7,39,False,False,0.0,0.0,False,False,0.0,3696.8
439508,11/18/25,2.25,PAID,1695.55,1695.55,0,False,False,0.0,0.0,False,True,0.0,1701.35
478966,11/19/25,2.35,PAID,461.0,500.0,39,True,False,0.0,0.0,False,True,2.5645864,501.83
882203,11/20/25,2.0,ACTIVE,1649.4,1650.0,0,False,False,0.0,0.0,False,False,0.0,1517.61
8618,11/20/25,2.25,ACTIVE,570.94,570.94,0,False,False,0.0,0.0,False,False,0.0,1139.2
920720,11/22/25,2.35,PAID,2208.0,2247.0,39,False,False,0.0,0.0,False,True,0.0,2247.45
639001,11/22/25,2.25,PAID,2163.95,2163.95,0,False,False,0.0,0.0,False,True,0.0,2163.4
151634,11/23/25,2.35,PAID,1461.0,1500.0,39,False,False,0.0,0.0,False,True,2.5642552,1523.39
37677,11/23/25,2.25,ACTIVE,2511.84,2511.84,0,False,False,0.0,0.0,False,False,0.0,4749.75
485245,11/24/25,2.35,ACTIVE,1500.0,1500.0,39,False,False,0.0,0.0,False,False,0.0,3107.09
285558,11/26/25,2.35,ACTIVE,1694.0,1733.0,39,False,False,0.0,8.0,False,False,10.257947,928.75
705872,11/28/25,2.35,PAID,2391.41,2391.41,39,False,False,0.0,0.0,False,True,0.0,2426.57
177409,11/28/25,2.35,CHARGE_OFF,1500.0,1500.0,39,False,False,0.0,28.0,False,False,16.669472,587.46
307528,11/29/25,2.35,PAID,2429.9,2429.9,39,False,False,0.0,0.0,False,True,0.0,2467.68
561610,11/29/25,2.35,PAID,1723.1,1762.1,39,False,False,0.0,0.0,False,True,0.0,1762.61
240666,11/29/25,2.35,ACTIVE,2700.0,2700.0,39,False,False,0.0,0.0,False,False,0.0,5873.93
675673,11/30/25,2.0,PAID,646.86,646.86,10,False,False,0.0,0.0,False,True,0.0,656.95
805539,11/30/25,2.35,PAID,1461.0,1500.0,39,False,False,0.0,0.0,False,True,0.0,1495.79
242034,11/30/25,2.35,ACTIVE,1812.13,1851.13,39,False,False,0.0,0.0,False,False,0.0,3752.61
420127,12/2/25,2.0,PAID,2305.27,2305.27,10,False,False,0.0,0.0,False,True,0.0,2315.53
847947,12/2/25,2.0,ACTIVE,646.86,646.86,10,False,False,6.0,0.0,False,False,6.881846,630.01
758213,12/2/25,2.0,ACTIVE,1499.4,1500.0,0,False,False,0.0,0.0,False,False,4.7779875,950.94
758213,12/2/25,2.0,ACTIVE,1499.4,1500.0,0,False,False,0.0,0.0,False,False,4.7779875,950.94
303289,12/2/25,2.35,ACTIVE,1694.0,1733.0,39,True,False,0.0,0.0,False,False,10.335539,1079.81
346449,12/3/25,2.35,CHARGE_OFF,1560.0,1599.0,39,True,True,90.0,119.0,True,False,,20.12
190750,12/5/25,2.35,ACTIVE,2084.15,2084.15,39,False,False,0.0,0.0,False,False,0.0,4440.97
307233,12/5/25,2.35,PAID,2523.15,2523.15,39,False,False,0.0,0.0,False,True,0.0,2564.27
727934,12/8/25,2.0,PAID,824.4,825.0,0,False,False,0.0,0.0,False,True,0.0,898.13
826104,12/11/25,2.35,ACTIVE,1742.91,1742.91,39,False,False,0.0,1.0,False,False,0.0,3525.51
718913,12/12/25,2.35,ACTIVE,1195.92,1195.92,39,False,False,0.0,0.0,False,False,0.0,2489.1
884887,12/13/25,2.35,ACTIVE,1565.67,1604.67,39,False,False,0.0,0.0,False,False,5.6091366,2131.25
978045,12/13/25,2.35,CHARGE_OFF,1461.0,1500.0,39,False,False,48.0,77.0,True,False,25.642553,278.95
192243,12/13/25,2.35,CHARGE_OFF,1650.0,1650.0,39,True,True,90.0,119.0,True,False,33.33436,13.9
749270,12/15/25,2.35,PAID,1555.67,1594.67,39,False,False,0.0,0.0,False,True,0.0,1591.4
591349,12/16/25,2.35,PAID,1565.99,1604.99,39,False,False,0.0,0.0,False,True,0.0,1604.89
662855,12/17/25,2.35,CHARGE_OFF,1338.0,1377.0,39,True,True,88.0,120.0,True,False,33.334885,7.16
585163,12/20/25,2.35,ACTIVE,462.29,501.29,39,False,False,0.0,0.0,False,False,0.0,1119.71
143883,12/20/25,2.35,PAID,1897.7,1936.7,39,False,False,0.0,0.0,False,True,0.0,1930.79
115178,12/21/25,2.0,ACTIVE,1670.96,1670.96,10,False,False,0.0,0.0,False,False,,2632.14
558177,12/24/25,2.35,PAID,1694.0,1733.0,39,False,False,0.0,0.0,False,True,0.0,1733.11
338009,12/26/25,2.35,PAID,2084.15,2084.15,39,False,False,0.0,0.0,False,True,0.0,2120.24
276667,12/27/25,2.35,ACTIVE,1595.0,1634.0,39,False,False,0.0,1.0,False,False,1.2820647,3081.43
121784,12/27/25,2.35,PAID,2924.85,2924.85,39,False,False,0.0,0.0,False,True,0.0,2955.45
385980,12/29/25,2.35,PAID,420.45,420.45,39,True,False,0.0,0.0,False,False,2.564602,854.19
591608,12/29/25,2.0,PAID,2249.4,2250.0,0,False,False,0.0,0.0,False,True,0.0,2331.22
782104,12/30/25,2.35,ACTIVE,2518.96,2518.96,39,True,False,0.0,27.0,False,False,16.357243,1116.72
898152,12/30/25,2.35,PAID,259.0,298.0,39,False,False,0.0,0.0,False,True,,297.82
781260,1/2/26,2.25,PAID,1485.58,1485.58,0,True,False,0.0,0.0,False,True,2.777811,1486.47
950800,1/2/26,2.35,ACTIVE,2523.15,2523.15,39,False,False,0.0,0.0,False,False,0.0,5185.6
781260,1/2/26,2.25,PAID,1485.58,1485.58,0,True,False,0.0,0.0,False,True,2.777811,1486.47
264967,1/2/26,2.25,PAID,1911.0,1950.0,39,False,False,0.0,0.0,False,True,0.0,1956.09
944887,1/2/26,2.35,ACTIVE,2582.88,2582.88,39,False,False,0.0,0.0,False,False,2.5641763,3702.77
462539,1/2/26,2.35,SURRENDERED,2069.0,2108.0,39,True,False,0.0,0.0,False,False,6.410268,-0.12
133920,1/2/26,2.35,PAID,2163.9,2202.9,39,False,False,0.0,0.0,False,True,0.0,2198.66
633715,1/3/26,2.35,PAID,1994.0,2033.0,39,False,False,0.0,0.0,False,True,0.0,2031.97
724959,1/3/26,2.35,PAID,2108.71,2108.71,39,False,False,0.0,0.0,False,True,,2140.36
290827,1/4/26,2.0,PAID,1878.91,1878.91,10,False,False,0.0,0.0,False,True,0.0,1889.97
907856,1/4/26,2.25,ACTIVE,1770.89,1770.89,0,False,False,0.0,0.0,False,False,,3150.85
760001,1/5/26,2.0,PAID,2245.0,2245.0,0,False,False,0.0,0.0,False,True,0.0,2251.35
621244,1/6/26,2.35,CHARGE_OFF,1599.0,1599.0,39,True,False,76.0,106.0,True,False,30.785358,80.64
165966,1/8/26,2.0,PAID,2088.96,2088.96,10,False,False,0.0,0.0,False,True,0.0,2086.67
986491,1/9/26,2.35,SURRENDERED,1650.0,1650.0,39,False,False,0.0,0.0,False,False,,-21.8
602946,1/10/26,2.25,ACTIVE,1405.98,1405.98,0,False,False,0.0,0.0,False,False,,2587.23
728183,1/10/26,2.35,PAID,2698.7,2698.7,39,False,False,0.0,0.0,False,True,,2732.14
335070,1/10/26,2.0,ACTIVE,793.96,793.96,10,False,False,0.0,1.0,False,False,0.0,1299.4
307917,1/10/26,2.35,ACTIVE,961.0,1000.0,39,False,False,0.0,0.0,False,False,,2139.32
161017,1/10/26,2.35,PAID,2015.41,2015.41,39,False,False,0.0,0.0,False,True,,2047.73
459198,1/10/26,2.35,ACTIVE,1296.62,1296.62,39,True,False,0.0,0.0,False,False,,2647.82
338960,1/10/26,2.25,PAID,1414.28,1414.28,0,False,False,0.0,0.0,False,True,,1408.22
816626,1/11/26,2.25,ACTIVE,2161.95,2161.95,0,False,False,0.0,0.0,False,False,,3844.52
442417,1/13/26,2.35,ACTIVE,1729.49,1768.49,39,False,False,0.0,0.0,False,False,,3919.91
558112,1/27/26,2.35,PAID,1766.9,1766.9,39,False,False,0.0,0.0,False,True,,1818.32
334100,1/27/26,2.35,ACTIVE,1595.0,1634.0,39,False,False,3.0,4.0,False,False,,2803.97
305457,1/29/26,2.25,ACTIVE,685.54,685.54,0,False,False,0.0,0.0,False,False,,1249.22
80792,1/30/26,2.2,PAID,1902.22,1902.22,0,False,False,0.0,0.0,False,True,,1888.75
826173,1/31/26,2.25,CHARGE_OFF,2841.83,2880.83,39,True,True,90.0,119.0,True,False,,1553.55
504803,2/1/26,2.35,ACTIVE,1420.0,1420.0,39,False,False,0.0,0.0,False,False,,2982.17
267127,2/5/26,2.35,ACTIVE,1908.89,1947.89,39,False,False,0.0,0.0,False,False,,4159.71
740574,2/6/26,2.35,PAID,1777.22,1777.22,39,True,False,0.0,0.0,False,True,,1862.5
997517,2/6/26,2.35,ACTIVE,1330.57,1330.57,39,False,False,0.0,0.0,False,False,,2872.43
83467,2/7/26,2.35,ACTIVE,2364.22,2403.22,39,False,False,13.0,43.0,True,False,,968.66
533093,2/9/26,2.35,ACTIVE,2013.0,2052.0,39,False,False,0.0,0.0,False,False,,4054.73
745348,2/9/26,2.35,ACTIVE,2033.0,2072.0,39,False,False,0.0,0.0,False,False,,3931.96
583261,2/9/26,2.35,ACTIVE,1520.0,1520.0,39,False,False,0.0,0.0,False,False,,2952.47
848731,2/10/26,2.35,ACTIVE,2031.93,2031.93,39,False,False,0.0,0.0,False,False,,4298.47
200218,2/10/26,2.35,ACTIVE,2413.4,2413.4,39,False,False,0.0,1.0,False,False,,4733.41
948201,2/12/26,2.35,PAID,2084.15,2084.15,39,False,False,0.0,0.0,False,True,,2123.54
588522,2/12/26,2.35,CHARGE_OFF,1650.0,1650.0,39,True,True,88.0,120.0,True,False,,15.8
853831,2/13/26,2.35,PAID,1694.0,1733.0,39,False,False,0.0,0.0,False,True,,1731.73
124047,2/13/26,2.35,ACTIVE,2352.93,2352.93,39,False,False,0.0,0.0,False,False,,4539.85
850933,2/17/26,2.35,PAID,1659.0,1698.0,39,False,False,0.0,0.0,False,True,,1705.06
979619,2/17/26,2.0,ACTIVE,2721.4,2722.0,0,False,False,0.0,0.0,False,False,,4551.69
310452,2/19/26,2.35,PAID,2545.1,2545.1,39,False,False,0.0,0.0,False,True,,2579.04
485426,2/19/26,2.35,ACTIVE,548.74,548.74,39,False,False,0.0,0.0,False,False,,522.41
90265,2/21/26,2.35,ACTIVE,1650.0,1650.0,39,True,False,9.0,38.0,True,False,,657.11
277644,2/26/26,2.35,SURRENDERED,1694.0,1733.0,39,True,False,0.0,0.0,False,False,,81.34
872839,2/27/26,2.35,ACTIVE,1159.0,1198.0,39,True,True,90.0,,False,,,47.53
379606,2/28/26,2.2,ACTIVE,1650.0,1650.0,0,True,False,29.0,,False,,,1765.83
67467,3/1/26,2.35,PAID,1754.9,1754.9,39,False,False,0.0,0.0,False,True,,1808.77
109291,3/1/26,2.0,ACTIVE,2214.36,2214.36,10,False,False,0.0,0.0,False,False,,3480.86
728919,3/2/26,2.35,ACTIVE,1560.0,1599.0,39,False,False,0.0,,False,,,3342.06
122822,3/2/26,2.0,SURRENDERED,1899.4,1900.0,0,False,False,0.0,0.0,False,False,,-29.49
510005,3/4/26,2.0,ACTIVE,2372.0,2372.0,0,True,False,0.0,0.0,False,False,,2150.72
521934,3/6/26,2.35,ACTIVE,667.19,706.19,39,False,False,0.0,,False,,,1315.19
142845,3/6/26,2.0,PAID,1670.96,1670.96,10,False,False,0.0,0.0,False,True,,1689.75
571176,3/7/26,2.35,PAID,1729.49,1768.49,39,False,False,0.0,,False,,,1811.68
227833,3/7/26,2.25,PAID,1097.65,1097.65,0,False,False,0.0,,False,,,1118.4
741196,3/7/26,2.35,ACTIVE,2130.96,2169.96,39,False,False,0.0,0.0,False,False,,4229.95
860887,3/7/26,2.25,PAID,1500.0,1500.0,0,False,False,0.0,,False,,,1502.93
131128,3/10/26,2.0,ACTIVE,2378.62,2388.62,10,False,False,0.0,,False,,,1693.16
857316,3/10/26,2.25,ACTIVE,1756.9,1756.9,0,False,False,0.0,,False,,,2646.92
602608,3/11/26,2.35,ACTIVE,2130.96,2169.96,39,False,False,0.0,0.0,False,False,,3459.37
265058,3/12/26,2.35,PAID,548.74,548.74,39,False,False,0.0,,False,,,582.79
838161,3/13/26,2.35,ACTIVE,1620.0,1620.0,39,True,False,0.0,0.0,False,False,,2487.74
346272,3/13/26,2.35,PAID,1000.03,1000.03,39,False,False,0.0,0.0,False,True,,1043.47
726506,3/13/26,2.35,ACTIVE,2419.86,2458.86,39,False,False,48.0,,False,,,675.51
447799,3/14/26,2.25,ACTIVE,1461.0,1500.0,39,False,False,0.0,,False,,,1678.02
419133,3/17/26,2.35,PAID,1861.0,1900.0,39,False,False,0.0,,False,,,1898.94
286276,3/17/26,2.35,SURRENDERED,1649.0,1649.0,39,False,False,0.0,,False,,,167.48
768927,3/19/26,2.35,ACTIVE,2084.15,2084.15,39,False,False,0.0,,False,,,3667.26
209861,3/21/26,2.0,ACTIVE,2247.4,2248.0,0,False,False,0.0,,False,,,3447.06
921057,3/22/26,2.35,ACTIVE,1375.94,1375.94,39,False,False,0.0,,False,,,2452.29
671652,3/24/26,2.35,ACTIVE,2352.93,2352.93,39,False,False,0.0,,False,,,4242.59
572849,3/24/26,2.0,ACTIVE,2249.4,2250.0,0,False,False,19.0,,False,,,2383.89
67125,3/25/26,2.35,ACTIVE,1742.91,1742.91,39,False,False,0.0,,False,,,3084.77
538607,3/26/26,2.35,ACTIVE,1650.0,1650.0,39,True,False,59.0,,False,,,409.46
520738,3/29/26,2.35,PAID,2000.0,2000.0,39,False,False,0.0,,False,,,2041.06
907807,4/2/26,2.2,ACTIVE,1584.38,1584.38,0,False,False,0.0,,False,,,2454.9
41614,4/3/26,2.0,PAID,1354.32,1354.32,10,False,False,0.0,,False,,,1790.23
6857,4/4/26,2.35,ACTIVE,1826.83,1826.83,39,False,False,,,False,,,3168.35
907689,4/4/26,2.0,PAID,2249.4,2250.0,0,False,False,0.0,,False,,,2615.09
697336,4/7/26,2.35,PAID,1745.09,1745.09,39,False,False,,,False,,,1835.55
292395,4/10/26,2.35,PAID,1793.29,1793.29,39,False,False,,,False,,,1822.48
508053,4/10/26,2.35,SURRENDERED,2645.38,2645.38,39,True,False,,,False,,,418.61
207178,4/10/26,2.0,ACTIVE,486.71,486.71,10,False,False,0.0,,False,,,713.45
755665,4/10/26,2.35,ACTIVE,1461.0,1500.0,39,False,False,0.0,,False,,,2459.48
815201,4/10/26,2.35,PAID,2553.84,2553.84,39,False,False,,,False,,,2591.85
668475,4/11/26,2.0,PAID,2297.4,2298.0,0,True,False,,,False,,,2365.23
152653,4/11/26,2.35,ACTIVE,2413.4,2413.4,39,False,False,,,False,,,3964.36
392072,4/12/26,2.35,PAID,3009.06,3009.06,39,False,False,,,False,,,4556.8
230862,4/13/26,2.35,PAID,2061.48,2061.48,39,False,False,,,False,,,2084.12
839375,4/17/26,2.25,PAID,1931.0,1970.0,39,False,False,,,False,,,2009.92
894579,4/19/26,2.25,ACTIVE,1461.0,1500.0,39,False,False,,,False,,,2273.67
950581,4/19/26,2.35,ACTIVE,1650.0,1650.0,39,False,False,,,False,,,2804.78
512379,4/19/26,2.35,ACTIVE,559.0,559.0,39,False,False,,,False,,,1040.95
71082,4/20/26,2.35,ACTIVE,2364.22,2403.22,39,False,False,,,False,,,2519.71
287283,4/21/26,2.25,ACTIVE,1567.92,1567.92,0,True,False,,,False,,,616.82
958549,4/21/26,2.25,ACTIVE,1545.94,1545.94,0,False,False,,,False,,,2150.9
764600,4/25/26,2.0,ACTIVE,2248.0,2248.0,0,True,True,,,False,,,346.37
693857,4/25/26,2.25,PAID,1461.0,1500.0,39,False,,,,False,,,1475.47
322749,4/25/26,2.35,ACTIVE,1500.0,1500.0,39,True,True,,,False,,,277.51
183514,4/25/26,2.25,ACTIVE,2430.72,2469.72,39,False,False,,,False,,,2624.53
274458,4/26/26,2.35,PAID,3716.72,3716.72,39,False,,,,False,,,3806.56
785764,4/26/26,2.25,PAID,2386.68,2425.68,39,False,,,,False,,,2464.67
528028,4/28/26,2.25,ACTIVE,1461.0,1500.0,39,False,False,,,False,,,1511.29
170177,4/28/26,2.35,ACTIVE,2199.0,2199.0,39,False,,,,False,,,3546.07
607706,4/28/26,2.35,ACTIVE,1566.0,1605.0,39,False,,,,False,,,2223.13
348860,4/29/26,2.25,ACTIVE,1461.0,1500.0,39,True,False,,,False,,,1601.28
619844,4/30/26,2.35,ACTIVE,1650.0,1650.0,39,False,False,,,False,,,2394.6
126927,5/1/26,2.35,ACTIVE,2031.93,2031.93,39,False,,,,False,,,3203.82
344855,5/2/26,2.0,ACTIVE,1899.4,1900.0,0,False,False,,,False,,,1971.88
685567,5/4/26,2.35,ACTIVE,2352.93,2352.93,39,False,False,,,False,,,2633.69
958780,5/5/26,2.25,ACTIVE,1801.0,1840.0,39,True,,,,False,,,2401.37
177676,5/6/26,2.35,ACTIVE,1994.0,2033.0,39,False,False,,,False,,,2181.21
350470,5/7/26,2.35,ACTIVE,1650.0,1650.0,39,False,False,,,False,,,1871.41
503650,5/8/26,2.35,ACTIVE,1650.0,1650.0,39,False,False,,,False,,,1968.46
163897,5/8/26,2.35,ACTIVE,900.0,900.0,39,False,False,,,False,,,1130.71
819707,5/9/26,2.35,ACTIVE,1616.99,1616.99,39,False,False,,,False,,,2216.29
816749,5/9/26,2.35,ACTIVE,1461.0,1500.0,39,False,,,,False,,,1354.71
458516,5/10/26,2.0,ACTIVE,2783.4,2784.0,0,False,False,,,False,,,3055.69
284298,5/10/26,2.0,ACTIVE,1890.0,1900.0,10,False,False,,,False,,,2298.53
326562,5/12/26,2.35,ACTIVE,2200.71,2200.71,39,True,,,,False,,,2692.17
103848,5/13/26,2.0,ACTIVE,1500.0,1500.0,10,True,True,,,False,,,1418.48
17964,5/13/26,2.0,ACTIVE,2820.46,2820.46,10,False,False,,,False,,,3546.42
193739,5/14/26,2.35,ACTIVE,1500.0,1500.0,39,False,False,,,False,,,1917.37
586168,5/14/26,2.0,ACTIVE,1510.0,1510.0,0,False,,,,False,,,1514.16
260946,5/16/26,2.35,ACTIVE,1461.0,1500.0,39,False,,,,False,,,1479.36
256173,5/16/26,2.35,ACTIVE,2527.71,2527.71,39,True,,,,False,,,2788.41
577117,5/16/26,2.35,ACTIVE,2522.58,2561.58,39,False,,,,False,,,2580.74
208406,5/16/26,2.0,ACTIVE,2249.4,2250.0,0,False,,,,False,,,2397.43
96240,5/21/26,2.35,ACTIVE,1743.91,1743.91,39,False,,,,False,,,2374.99
485723,5/21/26,2.35,ACTIVE,1735.87,1771.3,0,False,,,,False,,,2068.0
837912,5/22/26,2.0,ACTIVE,2240.0,2250.0,10,False,,,,False,,,2409.69
356640,5/23/26,2.35,ACTIVE,1890.0,1890.0,39,False,,,,False,,,2121.95
539140,5/23/26,2.35,ACTIVE,713.05,727.6,0,False,,,,False,,,851.54
391146,5/24/26,2.35,ACTIVE,580.0,619.0,39,True,,,,False,,,725.51
102850,5/24/26,2.35,PAID,2149.0,2149.0,39,False,,,,False,,,2408.21
356143,5/25/26,2.0,ACTIVE,1873.4,1874.0,0,,,,,False,,,2048.94
521218,5/26/26,2.35,PAID,2739.0,2778.0,39,,,,,False,,,2586.22
733512,5/28/26,2.35,ACTIVE,1500.0,1500.0,39,,,,,False,,,1864.8
721535,5/29/26,2.0,ACTIVE,2858.62,2859.22,0,True,,,,False,,,3214.31
265574,5/30/26,2.35,ACTIVE,2175.84,2220.25,0,,,,,False,,,2309.77
796425,5/30/26,2.35,ACTIVE,2036.0,2075.0,39,,,,,False,,,2274.58
55237,5/30/26,2.35,ACTIVE,2352.93,2352.93,39,,,,,False,,,2936.72
357304,5/30/26,2.35,PAID,526.0,565.0,39,,,,,False,,,645.14
708431,5/31/26,2.25,ACTIVE,1097.65,1097.65,0,,,,,False,,,1325.63
851893,6/2/26,2.35,ACTIVE,1650.0,1650.0,39,,,,,False,,,1829.05
317651,6/4/26,2.35,ACTIVE,2352.93,2352.93,39,,,,,False,,,2478.12
849273,6/4/26,2.25,ACTIVE,1475.87,1514.87,39,,,,,False,,,1669.98
61177,6/4/26,2.35,ACTIVE,1878.91,1878.91,10,,,,,False,,,2144.2
289229,6/5/26,2.35,ACTIVE,2661.01,2700.01,39,,,,,False,,,2737.5
669033,6/6/26,2.35,ACTIVE,1841.79,1880.79,39,,,,,False,,,2212.74
539395,6/6/26,2.35,ACTIVE,1994.0,2033.0,39,,,,,False,,,2371.14
432324,6/6/26,2.0,ACTIVE,1511.78,1521.78,10,,,,,False,,,1806.04
701495,6/6/26,2.35,ACTIVE,1849.0,1849.0,39,,,,,False,,,2083.91
2219,6/6/26,2.35,ACTIVE,2052.93,2052.93,39,,,,,False,,,2535.91
793949,6/7/26,2.35,ACTIVE,2715.87,2771.3,0,,,,,False,,,3042.79
355700,6/7/26,2.35,ACTIVE,1599.0,1599.0,39,,,,,False,,,1971.73
424670,6/9/26,2.35,PAID,1461.02,1500.02,39,,,,,False,,,1617.49
639386,6/10/26,2.35,ACTIVE,2075.0,2114.0,39,,,,,False,,,2378.47
925930,6/11/26,2.35,SURRENDERED,1486.81,1486.81,39,,,,,False,,,1857.98
892294,6/12/26,2.35,SURRENDERED,1253.06,1253.06,39,,,,,False,,,1545.86
759292,6/13/26,2.25,ACTIVE,1529.0,1600.0,39,,,,,False,,,1672.31
546895,6/16/26,2.35,ACTIVE,599.45,599.45,39,,,,,False,,,851.07
595445,6/16/26,2.35,ACTIVE,1861.0,1900.0,39,,,,,False,,,2103.98
444489,6/19/26,2.35,ACTIVE,1415.61,1444.5,0,,,,,False,,,1543.13
319342,6/22/26,2.0,ACTIVE,1775.46,1775.46,10,,,,,False,,,2282.11
690765,6/23/26,2.35,ACTIVE,1856.32,1856.32,39,,,,,False,,,2195.33
977108,6/24/26,2.35,CLOSED,,2075.0,39,,,,,False,,,
70971,6/27/26,2.0,ACTIVE,982.88,992.88,10,,,,,False,,,1135.42
265383,6/27/26,2.25,ACTIVE,1461.0,1500.0,39,,,,,False,,,1747.9
360336,6/27/26,2.0,ACTIVE,2249.4,2250.0,0,,,,,False,,,2221.73
611374,6/28/26,2.25,ACTIVE,1097.65,1097.65,0,,,,,False,,,1273.31
393491,6/28/26,2.35,SURRENDERED,2731.6,2787.35,0,,,,,False,,,2390.75
367007,6/28/26,2.35,ACTIVE,1650.0,1650.0,39,,,,,False,,,1793.27
994715,6/29/26,2.25,ACTIVE,1431.0,1500.0,39,,,,,False,,,1470.84
168189,6/29/26,2.35,ACTIVE,593.85,2787.35,0,,,,,False,,,417.13
425411,6/30/26,2.35,ACTIVE,2891.0,2950.0,0,,,,,False,,,2847.57
265680,6/30/26,2.35,ACTIVE,1660.9,1660.9,39,,,,,False,,,2369.28
